id,arquivo_saida,status,fonte_usada,rosto_px,escala,flag_tecnica,licenca,flag_licenca,credito,origem,revisao_manual
001-luiz-inacio-lula-da-silva,001_luiz-inacio-lula-da-silva.png,ok,retrato_neutro,886,0.51,,CC BY 2.0,,Palácio do Planalto,https://commons.wikimedia.org/wiki/File%3AFoto_oficial_de_Luiz_In%C3%A1cio_Lula_da_Silva_%28estreita%29.jpg,
002-flavio-bolsonaro,002_flavio-bolsonaro.png,ok,retrato_neutro,558,0.81,,© Agência Senado / atribuição Commons,REVISAR LICENCA,Agência Senado,https://commons.wikimedia.org/wiki/File%3AFoto_oficial_do_senador_Fl%C3%A1vio_Bolsonaro_%28v._AgSen%29.jpg,
003-renan-santos,003_renan-santos.png,ok,retrato_neutro,642,0.7,,CC BY 4.0,,Romerito Pontes,https://commons.wikimedia.org/wiki/File%3A2026-01-11_Renan_Santos_%2855036684938%29_%283x4%29.jpg,
004-ronaldo-caiado,004_ronaldo-caiado.png,ok,retrato_neutro,510,0.88,,CC BY 2.0,,desconhecido (extração Commons),https://commons.wikimedia.org/wiki/File%3ARonaldo_Caiado_%28cropped%29.jpg,
005-augusto-cury,005_augusto-cury.png,ok,retrato_neutro,948,0.47,,CC BY-SA 2.0,,Lima Andruška,https://commons.wikimedia.org/wiki/File%3AAugusto_Cury%2C_escritor_%2828339139296%29_%28cropped%29.jpg,CONFERIR IDENTIDADE (cabelo escuro; ficha do prompt dizia cabelo branco)
006-romeu-zema,006_romeu-zema.png,ok,retrato_neutro,585,0.77,,CC BY 4.0,,Governo do Estado de São Paulo,https://commons.wikimedia.org/wiki/File%3ARomeu_Zema_2025_%28cropped%29.jpg,
007-pablo-marcal,007_pablo-marcal.png,ok,retrato_neutro,351,1.28,,CC BY 3.0,,TV Brasil Central,https://commons.wikimedia.org/wiki/File%3APablo_Mar%C3%A7al.png,
008-geraldo-alckmin,008_geraldo-alckmin.png,ok,retrato_neutro,611,0.74,,CC BY 2.0,,Dênio Simões/Agência Brasília,https://commons.wikimedia.org/wiki/File%3AGeraldo_Alckmin_2016_%28cropped%29.jpg,
009-gilberto-kassab,009_gilberto-kassab.png,ok,retrato_neutro,453,0.99,,CC BY 3.0 br,,Fabio Pozzebom/ABr,https://commons.wikimedia.org/wiki/File%3AGilberto_Kassab.jpg,
010-eduardo-girao,010_eduardo-girao.png,ok,retrato_neutro,542,0.83,,© Agência Senado / atribuição Commons,REVISAR LICENCA,Agência Senado,https://commons.wikimedia.org/wiki/File%3ASenador_Eduardo_Gir%C3%A3o.jpg,
011-tarcisio-de-freitas,011_tarcisio-de-freitas.png,ok,retrato_neutro,398,1.13,,CC BY 2.0,,Ciete Silvério/Governo do Estado de SP,https://commons.wikimedia.org/wiki/File%3AGovernador_do_Estado_de_S%C3%A3o_Paulo%2C_Tarc%C3%ADsio_de_Freitas_-_Foto_Oficial.jpg,
012-fernando-haddad,012_fernando-haddad.png,ok,retrato_neutro,204,2.2,upscale_forte outro_rosto,CC BY 2.0,,Ricardo Stuckert / Palácio do Planalto,https://commons.wikimedia.org/wiki/File%3A01.01.2023_-_Posse_de_Fernando_Haddad%2C_Ministro_de_Estado_da_Fazenda_%2852626309956%29.jpg,todas as fontes sao cena/gesto (braco do Lula no quadro) — substituir fonte
013-jeronimo-rodrigues,013_jeronimo-rodrigues.png,ok,retrato_neutro,150,2.99,upscale_forte outro_rosto,CC BY-SA 4.0,,Ajmcbarreto,https://commons.wikimedia.org/wiki/File%3AJeronimo_Rodrigues_em_Araci_BA_23.jpg,"so foto de grupo; recorte automatico isolou o governador, conferir — ideal substituir"
014-acm-neto,014_acm-neto.png,ok,retrato_neutro,614,0.73,,CC BY 4.0,,Portal de Dados Abertos do Tribunal Superior Eleitoral do Brasil (TSE),https://commons.wikimedia.org/wiki/File%3AACM_Neto_%28foto_oficial_para_o_TSE%29.png,
015-elmano-de-freitas,015_elmano-de-freitas.png,ok,retrato_neutro,373,1.2,,CC BY-SA 4.0,,Uira,https://commons.wikimedia.org/wiki/File%3AElmano_de_Freitas_2022.jpg,
016-ciro-gomes,016_ciro-gomes.png,ok,retrato_neutro,420,1.07,,CC BY-SA 4.0,,Eliasferro21,https://commons.wikimedia.org/wiki/File%3ACiro_Ferreira_Gomes_%28cropped%29.jpg,
017-joao-campos,017_joao-campos.png,ok,retrato_neutro,521,0.86,,CC BY 2.0,,Cadu Gomes/VPR,https://commons.wikimedia.org/wiki/File%3AJo%C3%A3o_Henrique_Campos%2C_January_2025_%28cropped%29.jpg,
018-raquel-lyra,018_raquel-lyra.png,ok,retrato_neutro,553,0.81,,CC BY 2.0,,Palácio do Planalto,https://commons.wikimedia.org/wiki/File%3ARaquel_Lyra_2023.jpg,
019-douglas-ruas,019_douglas-ruas.png,ok,retrato_neutro,373,1.21,,CC BY 3.0,,TV ALERJ,https://commons.wikimedia.org/wiki/File%3AEntrevista_do_Secretario_de_Cidades_do_RJ%2C_Douglas_Ruas_2_%28cropped%29.png,
020-eduardo-paes,020_eduardo-paes.png,ok,retrato_neutro,630,0.71,,CC BY 3.0 br,,Prefeitura da Cidade do Rio de Janeiro,https://commons.wikimedia.org/wiki/File%3AEduardo_Paes%2C_prefeito_em_terceiro_mandato_%28cropped%29.jpg,
021-mateus-simoes,021_mateus-simoes.png,ok,retrato_neutro,680,0.66,,CC BY 2.0,,Jonas Pereira/Agência Senado,https://commons.wikimedia.org/wiki/File%3AMateus_Sim%C3%B5es%2C_April_2024_%28cropped%29.jpg,
022-ratinho-junior,022_ratinho-junior.png,ok,retrato_neutro,393,1.14,,domínio público / PDM,,Assembleia Legislativa do Paraná,https://commons.wikimedia.org/wiki/File%3ARatinho_J%C3%BAnior_as_governor_of_Paran%C3%A1%2C_January_2023_%28cropped%29.jpg,
023-eduardo-leite,023_eduardo-leite.png,ok,retrato_neutro,564,0.8,,domínio público / PDM,,Gustavo Vara,https://commons.wikimedia.org/wiki/File%3AEduardo_Leite_no_Pal%C3%A1cio_Piratini_em_mar%C3%A7o_de_2019.jpg,
024-claudio-castro,024_claudio-castro.png,ok,retrato_neutro,453,0.99,,CC BY 2.0,,Alan Santos/PR,https://commons.wikimedia.org/wiki/File%3ACl%C3%A1udio_Castro%2C_governador_do_Rio_de_Janeiro.jpg,
025-marcio-franca,025_marcio-franca.png,ok,retrato_neutro,452,0.99,,CC BY 2.0,,Governo do Estado de São Paulo,https://commons.wikimedia.org/wiki/File%3AGovernador_Marcio_Fran%C3%A7a_%2852576087031%29_%28cropped%29.jpg,
026-alexandre-kalil,026_alexandre-kalil.png,ok,iconica_contextual,91,4.91,upscale_forte outro_rosto,CC BY 2.0,,Alan Santos/PR,https://commons.wikimedia.org/wiki/File%3AMichel_Temer_com_Alexandre_Kalil_e_Vittorio_Medioli.jpg,usada iconica_contextual (careca c/ barba); retrato_neutro parece outra pessoa — conferir
027-hana-ghassan,027_hana-ghassan.png,ok,retrato_neutro,609,0.74,,CC0 / domínio público,,Tribunal de Justiça do Estado do Pará,https://commons.wikimedia.org/wiki/File%3A2023-06-30_Medalha_da_Ordem_do_M%C3%A9rito_Dom_Pedro_II_09_%28Hana_Ghassan%29.jpg,
028-michelle-bolsonaro,028_michelle-bolsonaro.png,ok,retrato_neutro,571,0.79,,CC BY 2.0,,Palácio do Planalto,https://commons.wikimedia.org/wiki/File%3AMichelle_Bolsonaro_%2848679345758%29_%28cropped%29.jpg,
029-helder-barbalho,029_helder-barbalho.png,ok,retrato_neutro,575,0.78,,CC BY 2.0,,Palácio do Planalto,https://commons.wikimedia.org/wiki/File%3AHelder_Barbalho%2C_2023_%2852992242395%29_%28cropped%29.jpg,
030-mauro-mendes,030_mauro-mendes.png,ok,retrato_neutro,371,1.21,,CC BY 2.0,,Alan Santos/PR,https://commons.wikimedia.org/wiki/File%3AMauro_Mendes_em_5_de_junho_de_2019.jpg,
031-gleisi-hoffmann,031_gleisi-hoffmann.png,ok,retrato_neutro,494,0.91,,CC BY 3.0,,Zeca Ribeiro/Câmara dos Deputados,https://commons.wikimedia.org/wiki/File%3AGleisi_Hoffmann_in_2024_%28cropped%29.jpg,
032-arthur-lira,032_arthur-lira.png,ok,retrato_neutro,554,0.81,,CC BY 3.0,,Câmara dos Deputados,https://commons.wikimedia.org/wiki/File%3ADeputado_Arthur_Lira_em_2016_%28cropped%29.jpg,
033-marina-silva,033_marina-silva.png,ok,retrato_neutro,408,1.1,,CC BY 2.0,,Palácio do Planalto,https://commons.wikimedia.org/wiki/File%3A01.01.2023_-_Posse_de_Marina_Silva%2C_Ministra_de_Estado_do_Meio_Ambiente_%2852623748361%29_%28cropped%29.jpg,
034-simone-tebet,034_simone-tebet.png,ok,retrato_neutro,588,0.76,,CC BY 2.0,,Agência Senado,https://commons.wikimedia.org/wiki/File%3AFoto_Oficial_de_Simone_Tebet_como_Senadora_%282%C2%AA_vers%C3%A3o%29_%28cropped%29.jpg,
035-rui-costa,035_rui-costa.png,ok,retrato_expressivo_discurso,736,0.61,outro_rosto,CC BY 2.0,,Agência Senado,https://commons.wikimedia.org/wiki/File%3AInaugura%C3%A7%C3%A3o_da_2%C2%AA_Sess%C3%A3o_Legislativa_Ordin%C3%A1ria_da_57%C2%AA_Legislatura_%28cropped%29.jpg,usada retrato_expressivo (neutra era abraco com Lula)
036-hugo-motta,036_hugo-motta.png,ok,retrato_neutro,652,0.69,,CC BY 4.0,,Gilclécio Lucena,https://commons.wikimedia.org/wiki/File%3ADeputado_Federal_Hugo_Motta_%28cropped%29.jpg,
037-davi-alcolumbre,037_davi-alcolumbre.png,ok,retrato_expressivo_discurso,49,9.06,upscale_forte outro_rosto,CC BY-SA 4.0,,Lula Oficial,https://commons.wikimedia.org/wiki/File%3A26.08.2026_-_Quebra-Queixo_com_Davi_Alcolumbre_e_Hugo_Motta_-_55490090078.jpg,fonte de baixa resolucao + manga vermelha de terceiro na borda — substituir se possivel
038-renan-calheiros,038_renan-calheiros.png,ok,retrato_neutro,561,0.8,,CC BY 2.0,,Agência Senado,https://commons.wikimedia.org/wiki/File%3ARenan_Calheiros_%28cropped%29.jpg,
039-nikolas-ferreira,039_nikolas-ferreira.png,ok,retrato_neutro,480,0.94,,CC BY 3.0,,Câmara dos Deputados,https://commons.wikimedia.org/wiki/File%3ANikolas_Ferreira_in_2023_%28cropped%29.jpg,
040-carlos-portinho,040_carlos-portinho.png,ok,retrato_neutro,569,0.79,,CC BY 2.0,,Agência Senado,https://commons.wikimedia.org/wiki/File%3AFotos_Oficiais_dos_Senadores_da_56%C2%AA_Legislatura_-_Carlos_Portinho_%2852261786075%29.jpg,
041-carlos-favaro,041_carlos-favaro.png,ok,retrato_neutro,451,1.0,,CC BY 2.0,,Palácio do Planalto,https://commons.wikimedia.org/wiki/File%3A02.01.2023_-_Posse_de_Carlos_F%C3%A1varo%2C_Ministro_de_Estado_da_Agricultura_%2852626776778%29_%28cropped%29.jpg,
042-bia-kicis,042_bia-kicis.png,ok,iconica_contextual,437,1.03,,CC BY 2.0,,Agência Senado,https://commons.wikimedia.org/wiki/File%3A2023-10-03_Sess%C3%A3o_Solene_-_Promulga%C3%A7%C3%A3o_das_Emendas_Constitucionais_130_e_131_de_2023_-_01_%28cropped%29.jpg,usada iconica_contextual (neutra tinha pulpito)
043-erika-kokay,043_erika-kokay.png,ok,retrato_neutro,641,0.7,,CC BY 2.0,,Agência Senado,https://commons.wikimedia.org/wiki/File%3AErika_Kokay_%2819900097423%29_%28cropped%29.jpg,
044-leila-do-volei,044_leila-do-volei.png,ok,retrato_neutro,570,0.79,,CC BY 2.0,,Palácio do Planalto,https://commons.wikimedia.org/wiki/File%3A14.06.2023_-_San%C3%A7%C3%A3o_da_Lei_Geral_do_Esporte_%2852976921006%29_%28cropped%29.jpg,CONFERIR IDENTIDADE (duvida se e Leila Barros)
045-cid-gomes,045_cid-gomes.png,ok,retrato_neutro,557,0.81,,© Agência Senado / atribuição Commons,REVISAR LICENCA,Agência Senado,https://commons.wikimedia.org/wiki/File%3ACid_Gomes_Senador.jpg,
046-lindbergh-farias,046_lindbergh-farias.png,ok,retrato_neutro,571,0.79,,© Agência Senado / atribuição Commons,REVISAR LICENCA,Agência Senado,https://commons.wikimedia.org/wiki/File%3ALindbergh_Farias_2011.jpg,
047-janja,047_janja.png,ok,retrato_neutro,806,0.56,,CC BY 3.0,,Pablo Valadares/Câmara dos Deputados,https://commons.wikimedia.org/wiki/File%3AJanja_da_Silva_%28cropped%29.jpg,mao de terceiro no canto superior direito — recorte manual ou substituir
048-guilherme-boulos,048_guilherme-boulos.png,ok,retrato_neutro,824,0.55,,CC BY 3.0,,Câmara dos Deputados,https://commons.wikimedia.org/wiki/File%3AAudi%C3%AAncia_P%C3%BAblica_-_Guilherme_Boulos_%28cropped%29.jpg,
049-wellington-dias,049_wellington-dias.png,ok,retrato_neutro,559,0.8,,CC BY 2.0,,Palácio do Planalto,https://commons.wikimedia.org/wiki/File%3A2024_-_Reuni%C3%A3o_com_Wellington_Dias%2C_Ministro_do_Desenvolvimento_e_Assist%C3%AAncia_Social_%28cropped%29.jpg,
050-alexandre-padilha,050_alexandre-padilha.png,ok,retrato_neutro,800,0.56,,CC0 / domínio público,,Paulo Pinto,https://commons.wikimedia.org/wiki/File%3AAlexandre_Padilha_2014.jpg,
051-anielle-franco,051_anielle-franco.png,ok,retrato_expressivo_discurso,498,0.9,,"CC BY-SA 4.0 (Flickr Lula Oficial, FlickreviewR 2 confirmado)",,Ricardo Stuckert / PR,https://commons.wikimedia.org/wiki/File:26.08.2025%20%E2%80%93%20Reuni%C3%A3o%20Ministerial%20-%2054746811880.jpg,usada retrato_expressivo (neutra tinha 2 pessoas)
052-sonia-guajajara,052_sonia-guajajara.png,ok,retrato_neutro,448,1.0,,CC BY-SA 4.0,,Xuthoria (obra própria),https://commons.wikimedia.org/wiki/File:COP30%20-%20S%C3%B4nia%20Guajajara%2001.jpg,
053-alexandre-de-moraes,053_alexandre-de-moraes.png,ok,retrato_neutro,698,0.64,,CC BY 2.0 (Flickr Agência Senado; confirmar crédito na página do ficheiro),REVISAR LICENCA,Agência Senado (recorte 3x4 da inauguração da sessão legislativa 2025),https://commons.wikimedia.org/wiki/File:Inaugura%C3%A7%C3%A3o%20da%203%C2%AA%20Sess%C3%A3o%20Legislativa%20Ordin%C3%A1ria%20da%2057%C2%AA%20Legislatura%20%2854305430086%29%283x4%20cropped%29.jpg,
054-gilmar-mendes,054_gilmar-mendes.png,ok,retrato_neutro,534,0.84,,Licença Wikimedia Commons — confirmar na página do ficheiro (típico CC BY 2.0 de Flickr institucional),REVISAR LICENCA,desconhecido (crédito na página Commons),https://commons.wikimedia.org/wiki/File:Gilmar%20Mendes%202016.jpg,
055-carmen-lucia,055_carmen-lucia.png,ok,retrato_neutro,176,2.55,upscale_forte outro_rosto,CC BY 2.0 (Flickr TSE; confirmar fotógrafo na página — típico Antonio Augusto/Secom/TSE),REVISAR LICENCA,TSE / Secom (série Flickr posse 12.5.2026),https://commons.wikimedia.org/wiki/File:Sess%C3%A3o%20solene%20de%20posse%20do%20ministro%20Nunes%20Marques%20na%20Presid%C3%AAncia%20do%20TSE%20-%2012.05.2026%20-%2055266599751.jpg,"FOTO ERRADA nas 3 variantes (ministro homem, nao Carmen Lucia) — substituir fonte"
056-dias-toffoli,056_dias-toffoli.png,ok,retrato_neutro,690,0.65,,Licença Wikimedia Commons — confirmar na página do ficheiro (típico CC BY 2.0 de Flickr institucional),REVISAR LICENCA,desconhecido (crédito na página Commons / origem institucional),https://commons.wikimedia.org/wiki/File:Dias%20Toffoli%20em%20setembro%20de%202018%20%28recorte%29.jpg,
057-luiz-fux,057_luiz-fux.png,ok,retrato_neutro,645,0.7,,Licença Wikimedia Commons — confirmar na página do ficheiro (típico CC BY 2.0 de Flickr institucional),REVISAR LICENCA,desconhecido (recorte 3x4 no Commons),https://commons.wikimedia.org/wiki/File:Luiz%20Fux%20em%202025%20%283x4%29.jpg,
058-edson-fachin,058_edson-fachin.png,ok,retrato_neutro,520,0.86,,Licença Wikimedia Commons — confirmar na página do ficheiro (típico CC BY 2.0 de Flickr institucional),REVISAR LICENCA,desconhecido (recorte 3x4 Commons),https://commons.wikimedia.org/wiki/File:Edson%20Fachin%20%283x4%29.jpg,
059-andre-mendonca,059_andre-mendonca.png,ok,retrato_neutro,367,1.22,,Licença Wikimedia Commons — confirmar na página do ficheiro (típico CC BY 2.0 de Flickr institucional),REVISAR LICENCA,desconhecido (recorte 3x4 Commons),https://commons.wikimedia.org/wiki/File:Ministro%20Andr%C3%A9%20Mendon%C3%A7a%20em%20outubro%20de%202025%20%283x4%29.jpg,
060-nunes-marques,060_nunes-marques.png,ok,retrato_neutro,296,1.52,,CC BY 2.0 (Flickr Palácio do Planalto; recorte da posse),,Marcos Corrêa / PR,https://commons.wikimedia.org/wiki/File:K%C3%A1ssio%20Nunes%20Marques.jpg,
061-cristiano-zanin,061_cristiano-zanin.png,ok,retrato_neutro,517,0.87,,Licença Wikimedia Commons — confirmar na página do ficheiro (típico CC BY 2.0 de Flickr institucional),REVISAR LICENCA,desconhecido (crédito na página Commons),https://commons.wikimedia.org/wiki/File:Cristiano%20Zanin%2C%202023.jpg,
062-flavio-dino,062_flavio-dino.png,ok,retrato_expressivo_discurso,265,1.7,,CC BY 2.0 (Agência Senado / Flickr Senado Federal),,Agência Senado,https://commons.wikimedia.org/wiki/File:Entrevistas%20-%20Senador%20Fl%C3%A1vio%20Dino%20%28PSB-MA%29%20%2853538699332%29.jpg,usada retrato_expressivo (neutra tinha microfones e 2a pessoa)
063-jair-bolsonaro,063_jair-bolsonaro.png,ok,retrato_neutro,581,0.77,,CC BY 2.0 (Agência Senado / Flickr Senado Federal),,Agência Senado (recorte da visita ao Congresso 2025),https://commons.wikimedia.org/wiki/File:Jair%20Bolsonaro%20no%20Congresso%202025%20%283x4%29.jpg,
064-eduardo-bolsonaro,064_eduardo-bolsonaro.png,ok,retrato_neutro,524,0.86,,CC BY 3.0 BR (Agência Brasil / EBC — uso com crédito),,Agência Brasil / EBC,https://commons.wikimedia.org/wiki/File:Eduardo%20Bolsonaro%20-%20EBC%2001%20%28cropped%29.jpg,
065-carlos-bolsonaro,065_carlos-bolsonaro.png,ok,retrato_neutro,520,0.86,,CC BY 2.0 (Flickr Palácio; série 16.2.2022),,Palácio do Planalto / Flickr institucional,https://commons.wikimedia.org/wiki/File:Carlos%20Bolsonaro%20durante%20Encontro%20Brasil-R%C3%BAssia%20em%202022.jpg,
066-valdemar-costa-neto,066_valdemar-costa-neto.png,ok,retrato_neutro,494,0.91,,CC BY (fotógrafo/Câmara dos Deputados),,Câmara dos Deputados (foto oficial de deputado),https://commons.wikimedia.org/wiki/File:Dep.%20Valdemar%20Costa%20Neto.jpg,
067-edinho-silva,067_edinho-silva.png,ok,retrato_neutro,646,0.7,,Licença Wikimedia Commons — confirmar na página do ficheiro (típico CC BY 2.0 de Flickr institucional),REVISAR LICENCA,desconhecido (crédito na página Commons),https://commons.wikimedia.org/wiki/File:Edinho%20Silva-2015%2005%2006%20%28cropped%29.jpg,
068-antonio-rueda,068_antonio-rueda.png,ok,retrato_neutro,195,2.3,upscale_forte,USO EDITORIAL / DIREITOS RESERVADOS — obter autorização antes de publicar,REVISAR LICENCA,Congresso em Foco — fotógrafo não informado no resultado,https://www.congressoemfoco.com.br/noticia/7477/em-derrota-para-bivar-antonio-rueda-vence-eleicao-no-uniao-brasil,RESTRITO no manifesto do pacote — precisa autorizacao antes do uso
069-ciro-nogueira,069_ciro-nogueira.png,ok,retrato_neutro,546,0.82,,© Senado / uso institucional (foto oficial de senador); no Commons,REVISAR LICENCA,Senado Federal / Agência Senado,https://commons.wikimedia.org/wiki/File:Senador%20Ciro%20Nogueira%20foto%20oficial%202.jpg,
070-marcos-pereira,070_marcos-pereira.png,ok,retrato_neutro,642,0.7,,Licença Wikimedia Commons — confirmar na página do ficheiro (típico CC BY 2.0 de Flickr institucional),REVISAR LICENCA,desconhecido (recorte de File:Marcos Pereira.jpg),https://commons.wikimedia.org/wiki/File:Marcos%20Pereira%20%28cropped%29.jpg,
071-baleia-rossi,071_baleia-rossi.png,ok,retrato_neutro,593,0.76,,Licença Wikimedia Commons — confirmar na página do ficheiro (típico CC BY 2.0 de Flickr institucional),REVISAR LICENCA,desconhecido (recorte de foto de deputado),https://commons.wikimedia.org/wiki/File:Baleia%20Rossi%20%28MDB%20-%20SP%29%20%28cropped%29.jpg,
072-rodrigo-pacheco,072_rodrigo-pacheco.png,ok,retrato_neutro,275,1.63,,© Senado / foto oficial de senador,REVISAR LICENCA,Senado Federal / Agência Senado,https://commons.wikimedia.org/wiki/File:Foto%20oficial%202%20Senador%20Rodrigo%20Pacheco.jpg,
073-rogerio-marinho,073_rogerio-marinho.png,ok,retrato_neutro,420,1.07,,CC BY 2.0 (Agência Senado / Flickr Senado Federal),,Agência Senado,https://commons.wikimedia.org/wiki/File:Senador%20Rogerio%20Marinho%20%28PL-RN%29%20%2852795763830%29.jpg,
074-datena,074_datena.png,ok,retrato_neutro,577,0.78,,Licença Wikimedia Commons — confirmar na página do ficheiro (típico CC BY 2.0 de Flickr institucional),REVISAR LICENCA,Chico Ferreira,https://commons.wikimedia.org/wiki/File:Filia%C3%A7%C3%A3o%20do%20Datena%2019%2012%202023%20-%20Foto%20Chico%20Ferreira%20%2853407967727%29%20%28cropped%29.jpg,
075-reinaldo-azevedo,075_reinaldo-azevedo.png,ok,retrato_neutro,388,1.16,,CC BY 2.0 (Flickr Palácio do Planalto),,Ricardo Stuckert / PR,https://commons.wikimedia.org/wiki/File:02.03.2023%20-%20Entrevista%20ao%20jornalista%20Reinaldo%20Azevedo%20%2852722298271%29.jpg,
076-william-bonner,076_william-bonner.png,ok,retrato_neutro,197,2.28,upscale_forte,CC BY 2.0,,Leo Cabral,https://commons.wikimedia.org/wiki/File:William_Bonner_em_agosto_de_2018_%28cropped%29.jpg,
077-vera-magalhaes,077_vera-magalhaes.png,ok,retrato_neutro,265,1.7,,CC BY 2.0,,MDB Nacional,https://commons.wikimedia.org/wiki/File:Programa_Roda_Viva_com_Senadora_Simone_Tebet_%2852275113869%29_%28cropped_2%29.jpg,
078-rachel-sheherazade,078_rachel-sheherazade.png,ok,retrato_neutro,305,1.47,,CC BY 3.0,,Jones,https://commons.wikimedia.org/wiki/File:Rachel_Sheherazade.png,
079-kim-kataguiri,079_kim-kataguiri.png,ok,retrato_neutro,238,1.88,,CC BY 3.0,,Portal da Câmara dos Deputados (Brazil),https://commons.wikimedia.org/wiki/File:Deputado_Federal_Kim_Kataguiri.jpg,
080-andre-janones,080_andre-janones.png,ok,retrato_neutro,590,0.76,,CC BY-SA 4.0,,Lula Oficial,https://commons.wikimedia.org/wiki/File:Andr%C3%A9_Janones%2C_August_2022.jpg,
081-felipe-neto,081_felipe-neto.png,ok,retrato_neutro,572,0.79,,CC BY 3.0,,Humor Multishow,https://commons.wikimedia.org/wiki/File:Felipe_Neto-2019.png,
082-jones-manoel,082_jones-manoel.png,ok,retrato_neutro,87,5.17,upscale_forte,CC BY 4.0,,Unknown authorUnknown author,https://commons.wikimedia.org/wiki/File:2026_Jones_Manoel_CANDIDATO_DEPUTADO_FEDERAL_PE_TSE.jpg,unica foto correta tem rosto de 87px — substituir por foto maior
083-carla-zambelli,083_carla-zambelli.png,ok,retrato_neutro,610,0.74,,CC BY 3.0,,Cleia Viana/Câmara dos Deputados,https://commons.wikimedia.org/wiki/File:Carla_Zambelli_%28cropped%29.jpg,
084-tabata-amaral,084_tabata-amaral.png,ok,retrato_neutro,90,4.97,upscale_forte,CC BY 4.0,,Portal de Dados Abertos do Tribunal Superior Eleitoral do Brasil (TSE),https://commons.wikimedia.org/wiki/File:2024_TABATA_AMARAL_CANDIDATO_PREFEITO_SP_SAO_PAULO_TSE_%28250002163891%29.jpg,unica foto correta (retrato_neutro) tem 161px — substituir por foto maior
085-glauber-braga,085_glauber-braga.png,ok,retrato_neutro,438,1.03,,Attribution (ver página Commons / órgão),,David Ribeiro,https://commons.wikimedia.org/wiki/File:Glauber_Braga.jpg,
086-sergio-moro,086_sergio-moro.png,ok,retrato_neutro,141,3.18,upscale_forte,CC BY 2.0,,"Agência Senado from Brasilia, Brazil",https://commons.wikimedia.org/wiki/File:Entrevista_Coletiva_-_Senador_Sergio_Moro_%28Uni%C3%A3o-PR%29_%2852765279194%29.jpg,todas as fontes com bateria de microfones — substituir fonte
087-gabriel-galipolo,087_gabriel-galipolo.png,ok,retrato_neutro,733,0.61,,CC BY 2.0,,Agência Senado,https://commons.wikimedia.org/wiki/File:Gabriel_Gal%C3%ADpolo_in_2023.jpg,
088-roberto-campos-neto,088_roberto-campos-neto.png,ok,retrato_neutro,218,2.06,,Attribution (ver página Commons / órgão),,Pedro França/Agência Senado,https://commons.wikimedia.org/wiki/File:Roberto_Campos_Neto_%28cropped%29.jpg,
089-arminio-fraga,089_arminio-fraga.png,ok,retrato_neutro,601,0.75,,CC BY-SA 2.0,,World Economic Forum on Flickr,https://commons.wikimedia.org/wiki/File:Arminio_Fraga_Neto%2C_World_Economic_Forum_on_Latin_America_2009_cropped.jpg,
090-paulo-guedes,090_paulo-guedes.png,ok,retrato_neutro,579,0.78,,CC BY 2.0,,Alan Santos/PR,https://commons.wikimedia.org/wiki/File:Paulo_Guedes_%28cropped%29.jpg,
091-silas-malafaia,091_silas-malafaia.png,ok,retrato_neutro,592,0.76,,CC BY 2.0,,Marcos Corrêa,https://commons.wikimedia.org/wiki/File:Silas_Malafaia_em_abril_de_2019_%28cropped%29.jpg,
092-edir-macedo,092_edir-macedo.png,ok,retrato_expressivo_discurso,396,1.13,,Attribution (ver página Commons / órgão),,Ricardo Stuckert,https://commons.wikimedia.org/wiki/File:Lula_and_Edir_Macedo_in_the_launch_of_Record_News_2_%28cropped%29.jpg,
093-damares-alves,093_damares-alves.png,ok,retrato_neutro,197,2.28,upscale_forte outro_rosto,CC BY 2.0,,Agência Senado,https://commons.wikimedia.org/wiki/File:2024-07-03_CDH_-_Comiss%C3%A3o_de_Direitos_Humanos_e_Legisla%C3%A7%C3%A3o_Participativa%2C_02.jpg,
094-delegado-eder-mauro,094_delegado-eder-mauro.png,ok,retrato_neutro,204,2.21,upscale_forte,Attribution (ver página Commons / órgão),,Luis Macedo / Câmara dos Deputados,https://commons.wikimedia.org/wiki/File:Deputado_Federal_%C3%89der_Mauro.jpg,
095-deltan-dallagnol,095_deltan-dallagnol.png,ok,retrato_neutro,234,1.92,,domínio público,,Câmara dos Deputados,https://commons.wikimedia.org/wiki/File:Deputado_Federal_Deltan_Dallagnol.jpg,
096-randolfe-rodrigues,096_randolfe-rodrigues.png,ok,retrato_neutro,183,2.45,upscale_forte,Attribution (ver página Commons / órgão),,Senado Federal,https://commons.wikimedia.org/wiki/File:Foto_oficial_de_Randolfe_Rodrigues.jpg,
097-camilo-santana,097_camilo-santana.png,ok,retrato_neutro,238,1.89,outro_rosto,CC BY 2.0,,"Palácio do Planalto from Brasilia, Brasil",https://commons.wikimedia.org/wiki/File:09.03.2023_-_Reuni%C3%A3o_com_Ministro_da_Educa%C3%A7%C3%A3o%2C_Camilo_Santana_e_Casa_Civil_da_Presid%C3%AAncia_da_Rep%C3%BAblica%2C_Rui_Costa_%2852737384814%29.jpg,FOTO ERRADA nas 3 variantes (Lula / menina) — substituir fonte
098-ricardo-nunes,098_ricardo-nunes.png,ok,retrato_neutro,504,0.89,,CC BY 2.0,,Governo do Estado de São Paulo,https://commons.wikimedia.org/wiki/File:Pr%C3%AAmio_L%C3%ADderes_do_Brasil_2022_-_LIDE_-_52550088169_%28cropped%29.jpg,
099-clecio-luis,099_clecio-luis.png,ok,retrato_neutro,466,0.97,,CC BY 3.0,,Governo do Amapá,https://commons.wikimedia.org/wiki/File:Foto_oficial_do_governador_do_Estado_do_Amap%C3%A1%2C_Cl%C3%A9cio_Lu%C3%ADs.jpg,
100-jorginho-mello,100_jorginho-mello.png,ok,retrato_neutro,135,3.33,upscale_forte,CC BY 4.0,,Tribunal Superior Eleitoral do Brasil (TSE),https://commons.wikimedia.org/wiki/File:2026_JORGINHO_MELLO_CANDIDATO_GOVERNADOR_SC_TSE_%28240002537073%29.jpg,
101-anitta,101_anitta.png,ok,retrato_neutro,236,1.9,,CC BY 3.0,,Attractive Mindset,https://commons.wikimedia.org/wiki/File%3AAnitta_for_Attractive_Mindset_podcast_02.jpg,
102-neymar-jr,102_neymar-jr.png,ok,retrato_neutro,1647,0.27,,CC BY-SA 4.0,,Bryan Berlin,https://commons.wikimedia.org/wiki/File%3ANeymar_Junior_Brazil_V_Morocco_13_June_2026-40.jpg,
103-gusttavo-lima,103_gusttavo-lima.png,ok,retrato_neutro,258,1.74,,CC BY 3.0,,Record TV Goiás,https://commons.wikimedia.org/wiki/File%3AGustavo_Lima_2021.jpg,
104-ludmilla,104_ludmilla.png,ok,retrato_neutro,514,0.87,,CC BY 3.0,,Multishow,https://commons.wikimedia.org/wiki/File%3ALudmilla_-_TVZ_2024_%281%29.png,
105-jose-aldo,105_jose-aldo.png,ok,retrato_neutro,609,0.74,,CC BY-SA 2.0,,Andrius Petrucenia on Flickr (Original version) UCinternational (Crop),https://commons.wikimedia.org/wiki/File%3AJos%C3%A9_Aldo%2C_UFC_189_World_Tour_London_%282%29_%28cropped%29.jpg,
106-vitor-belfort,106_vitor-belfort.png,ok,retrato_neutro,528,0.85,,Public domain,,U.S. Navy photo by Seaman Ryan Freiburghaus,https://commons.wikimedia.org/wiki/File%3AUSS_Ronald_Reagan_%28CVN_76%29_Sailors_warm_up_before_a_fitness_session_with_Vitor_Belfort_%288444027%29%28cropped%29.jpg,
107-popo,107_popo.png,ok,retrato_neutro,212,2.12,,CC BY-SA 4.0,,Sintegrity,https://commons.wikimedia.org/wiki/File%3APop%C3%B3.png,
108-luciano-huck,108_luciano-huck.png,ok,retrato_neutro,516,0.87,,CC BY 2.0,,"Web Summit Rio from Rio de Janeiro, Brazil",https://commons.wikimedia.org/wiki/File%3ALuciano_Huck%2C_2023.jpg,
109-ratinho,109_ratinho.png,ok,retrato_neutro,184,2.45,upscale_forte,CC BY-SA 2.0,,Sérgio Savarese,https://commons.wikimedia.org/wiki/File%3ACarlos_Roberto_Massa.jpg,
110-casimiro,110_casimiro.png,ok,retrato_neutro,185,2.42,upscale_forte,CC BY 3.0,,TNT Sports Brasil,https://commons.wikimedia.org/wiki/File%3ACasimiro_Miguel.jpg,
111-whindersson-nunes,111_whindersson-nunes.png,ok,retrato_neutro,259,1.73,,CC BY-SA 3.0,,Chris Tex,https://commons.wikimedia.org/wiki/File%3AWhindersson_2021.png,
112-bruno-gagliasso,112_bruno-gagliasso.png,ok,retrato_neutro,719,0.63,,CC BY 3.0,,DF Casas Imóveis,https://commons.wikimedia.org/wiki/File%3ABruno_Gagliasso1.jpg,
113-wagner-moura,113_wagner-moura.png,ok,retrato_neutro,615,0.73,,CC BY-SA 4.0,,Harald Krichel,https://commons.wikimedia.org/wiki/File%3AWagner_Moura-6546_%283x4%29.jpg,
114-gregorio-duvivier,114_gregorio-duvivier.png,ok,retrato_neutro,166,2.7,upscale_forte,CC BY 4.0,,ArlindoPereira,https://commons.wikimedia.org/wiki/File%3AGreg%C3%B3rio_Duvivier_em_2026.jpg,
115-pabllo-vittar,115_pabllo-vittar.png,ok,retrato_neutro,499,0.9,,CC BY 3.0,,Multishow,https://commons.wikimedia.org/wiki/File%3APabllo_Vittar_-_TVZ_2024_%281%29.png,
116-emicida,116_emicida.png,ok,retrato_neutro,513,0.88,,CC BY-SA 2.0,,Festival Sensacional . Foto: Bruno Figueiredo / Área de Serviço,https://commons.wikimedia.org/wiki/File%3AEmicida_Festival_Sensacional_2020_%28cropped%29.jpg,
117-lazaro-ramos,117_lazaro-ramos.png,ok,retrato_neutro,219,2.05,,CC BY-SA 2.0,,Fronteiras do Pensamento,https://commons.wikimedia.org/wiki/File%3A2025-05-31_Entrevista_com_L%C3%A1zaro_Ramos_e_Marcelo_Tas_%2854563533052%29_%28cropped%29.jpg,
118-fernanda-torres,118_fernanda-torres.png,ok,retrato_neutro,503,0.89,,CC BY-SA 4.0,,LucaFazPhoto,https://commons.wikimedia.org/wiki/File%3AFernanda_Torres_at_82nd_Venice_International_Film_Festival-7_%28cropped%29.jpg,
119-silvia-abravanel,119_silvia-abravanel.png,ok,retrato_neutro,175,2.56,upscale_forte,CC BY-SA 3.0,,Silvia Abravanel,https://commons.wikimedia.org/wiki/File%3ASilvia_Abravanel_in_2018_%28cropped%29.jpg,
120-geraldo-luis,120_geraldo-luis.png,ok,retrato_neutro,274,1.64,,CC BY 3.0,,TV Antena 10,https://commons.wikimedia.org/wiki/File%3AGeraldo_Lu%C3%ADs_2016.jpg,
121-antonia-fontenelle,121_antonia-fontenelle.png,ok,retrato_neutro,421,1.07,,CC BY 2.0,,Palácio do Planalto,https://commons.wikimedia.org/wiki/File%3A2019_Entrevista_%C3%A0_Antonia_Fontenelle%2C_Atriz_e_YouTuber_%28cropped%29.jpg,
122-monark,122_monark.png,ok,retrato_neutro,491,0.92,,CC BY 3.0,,Kim Kataguiri,https://commons.wikimedia.org/wiki/File%3ABruno_Aiub_%28Monark%29_%28cropped%29.jpg,
123-marta,123_marta.png,ok,retrato_neutro,504,0.89,,CC BY-SA 4.0,,Hameltion,https://commons.wikimedia.org/wiki/File%3ANC_Courage_vs_Orlando_Pride_%28Jun_2024%29_073_%28cropped%29.jpg,
124-edmundo,124_edmundo.png,ok,retrato_expressivo_discurso,289,1.56,,CC BY-SA 3.0,,Own work by Sepguilherme ( talk ). Transfered to Commons by Maurilbert,https://commons.wikimedia.org/wiki/File%3AEdmundo.jpg,
125-gracyanne-barbosa,125_gracyanne-barbosa.png,ok,retrato_neutro,287,1.57,,CC BY 4.0,,Multishow,https://commons.wikimedia.org/wiki/File%3AGracyanne_Barbosa_-_Mesacast_BBB_2025.png,
